2025-11-13_16-54-44,0,draft.py:2025-11-13_16-54-44
2025-11-13_16-54-46,0,draft.py:2025-11-13_16-54-44
2025-11-13_17-05-34,0,draft.py:2025-11-13_17-05-34
2025-11-13_17-46-23,0,draft.py:2025-11-13_17-46-23
2025-11-13_17-46-32,20,draft.py:2025-11-13_17-46-32
2025-11-13_17-59-21,---,draft.py:2025-11-13_17-59-21
2025-11-13_18-07-16,20,draft.py:2025-11-13_18-07-16
2025-11-13_18-08-01,20,draft.py:2025-11-13_18-08-01
2025-11-13_18-12-37,10,draft.py:2025-11-13_18-12-37
2025-11-13_18-13-13,40,draft.py:2025-11-13_18-13-13
2025-11-13_18-14-49,50,draft.py:2025-11-13_18-14-49
2025-11-13_18-16-13,70,draft.py:2025-11-13_18-16-13
2025-11-13_18-20-16,40,draft.py:2025-11-13_18-20-16
2025-11-13_18-32-46,80,draft.py:2025-11-13_18-32-46
2025-11-13_18-34-06,70,draft.py:2025-11-13_18-34-06
2025-11-13_18-36-10,90,draft.py:2025-11-13_18-36-10
2025-11-13_18-38-30,100,draft.py:2025-11-13_18-38-30
