2025-11-11_19-53-26,0,draft.py:2025-11-11_19-53-26
2025-11-11_19-53-28,0,draft.py:2025-11-11_19-53-26
2025-11-12_02-03-16,0,draft.py:2025-11-12_02-03-16
2025-11-12_02-51-15,---,draft.py:2025-11-12_02-51-15
2025-11-12_02-52-28,---,draft.py:2025-11-12_02-52-28
2025-11-12_02-54-56,0,draft.py:2025-11-12_02-54-56
2025-11-12_02-55-19,0,draft.py:2025-11-12_02-55-19
2025-11-12_02-55-31,7,draft.py:2025-11-12_02-55-31
2025-11-12_02-55-46,14,draft.py:2025-11-12_02-55-46
2025-11-12_03-16-24,7,draft.py:2025-11-12_03-16-24
2025-11-12_03-16-42,7,draft.py:2025-11-12_03-16-42
2025-11-12_03-18-30,14,draft.py:2025-11-12_03-18-30
2025-11-12_03-29-20,14,draft.py:2025-11-12_03-29-20
2025-11-12_03-33-01,14,draft.py:2025-11-12_03-33-01
2025-11-12_03-33-16,21,draft.py:2025-11-12_03-33-16
2025-11-12_03-35-01,7,draft.py:2025-11-12_03-35-01
2025-11-12_03-35-19,21,draft.py:2025-11-12_03-35-19
2025-11-12_03-35-57,35,draft.py:2025-11-12_03-35-57
2025-11-12_13-12-13,0,draft.py:2025-11-12_13-12-13
2025-11-12_13-12-34,35,draft.py:2025-11-12_13-12-34
2025-11-12_13-12-34,35,draft.py:2025-11-12_13-12-34
2025-11-12_13-47-25,42,draft.py:2025-11-12_13-47-25
2025-11-12_13-47-51,50,draft.py:2025-11-12_13-47-51
2025-11-12_13-49-23,50,draft.py:2025-11-12_13-49-23
2025-11-12_13-50-03,50,draft.py:2025-11-12_13-50-03
2025-11-12_13-50-15,57,draft.py:2025-11-12_13-50-15
2025-11-12_14-08-44,57,draft.py:2025-11-12_13-50-15
2025-11-12_20-47-27,57,draft.py:2025-11-12_20-47-27
2025-11-12_20-47-57,57,draft.py:2025-11-12_20-47-57
2025-11-12_20-48-05,71,draft.py:2025-11-12_20-48-05
2025-11-12_20-48-19,71,draft.py:2025-11-12_20-48-19
2025-11-13_02-16-34,71,draft.py:2025-11-12_20-48-19
2025-11-13_02-37-59,71,draft.py:2025-11-13_02-37-59
2025-11-13_02-38-17,85,draft.py:2025-11-13_02-38-17
2025-11-13_02-43-29,71,draft.py:2025-11-13_02-43-29
2025-11-13_02-44-20,71,draft.py:2025-11-13_02-44-20
2025-11-13_02-44-30,85,draft.py:2025-11-13_02-44-30
2025-11-13_02-49-57,85,draft.py:2025-11-13_02-49-57
2025-11-13_02-56-28,92,draft.py:2025-11-13_02-56-28
2025-11-13_02-57-13,100,draft.py:2025-11-13_02-57-13
